{"cameraMode":{"drawMode":0,"name":"Shaded","section":"Shading Mode"},"sceneLighting":true,"audioPlay":false,"sceneViewState":{"m_AlwaysRefresh":false,"showFog":true,"showSkybox":true,"showFlares":true,"showImageEffects":true,"showParticleSystems":true,"showVisualEffectGraphs":true,"m_FxEnabled":true},"in2DMode":false,"pivot":{"x":0.025655589997768403,"y":0.3320951461791992,"z":0.3507707118988037},"rotation":{"x":-0.2890022099018097,"y":0.5000786781311035,"z":-0.18159182369709016,"w":-0.7959133386611939},"size":1.4580543041229249,"orthographic":false}